{"cameraMode":{"drawMode":0,"name":"Shaded","section":"Shading Mode"},"sceneLighting":true,"audioPlay":false,"sceneViewState":{"showFog":true,"showMaterialUpdate":false,"showSkybox":true,"showFlares":true,"showImageEffects":true,"showParticleSystems":true},"in2DMode":false,"pivot":{"x":1.4001121520996094,"y":2.2588515281677248,"z":-6.317282676696777},"rotation":{"x":-0.12962117791175843,"y":0.8331051468849182,"z":-0.22011665999889375,"w":-0.4905945658683777},"size":17.057710647583009,"orthographic":false}